xpos,ypos,radius
0.2887985,0.5482456,0.57146204
